{
  "8_3_View Notifications" : {
    "transaction" : "8_3_View Notifications",
    "sampleCount" : 1350,
    "errorCount" : 0,
    "errorPct" : 0.0,
    "meanResTime" : 52252.45999999994,
    "medianResTime" : 38373.5,
    "minResTime" : 57.0,
    "maxResTime" : 314309.0,
    "pct1ResTime" : 118496.00000000001,
    "pct2ResTime" : 152883.1500000001,
    "pct3ResTime" : 239172.21,
    "throughput" : 0.10727435336410385,
    "receivedKBytesPerSec" : 0.38296804470837464,
    "sentKBytesPerSec" : 0.034780356754768045
  },
  "5_6_Enter OTP -> Continue" : {
    "transaction" : "5_6_Enter OTP -> Continue",
    "sampleCount" : 83,
    "errorCount" : 13,
    "errorPct" : 15.662651,
    "meanResTime" : 17947.24096385543,
    "medianResTime" : 10822.0,
    "minResTime" : 918.0,
    "maxResTime" : 108796.0,
    "pct1ResTime" : 52220.20000000001,
    "pct2ResTime" : 75685.59999999998,
    "pct3ResTime" : 108796.0,
    "throughput" : 0.05141811788625693,
    "receivedKBytesPerSec" : 0.3162336455151321,
    "sentKBytesPerSec" : 0.09712889244444829
  },
  "5_4_Click Add Beneficiary" : {
    "transaction" : "5_4_Click Add Beneficiary",
    "sampleCount" : 85,
    "errorCount" : 0,
    "errorPct" : 0.0,
    "meanResTime" : 16704.270588235297,
    "medianResTime" : 12266.0,
    "minResTime" : 526.0,
    "maxResTime" : 65352.0,
    "pct1ResTime" : 44740.40000000001,
    "pct2ResTime" : 54225.600000000006,
    "pct3ResTime" : 65352.0,
    "throughput" : 0.05604830440691333,
    "receivedKBytesPerSec" : 0.8801612194446075,
    "sentKBytesPerSec" : 0.08319670185401197
  },
  "2_3_Open My Transactions" : {
    "transaction" : "2_3_Open My Transactions",
    "sampleCount" : 2199,
    "errorCount" : 1669,
    "errorPct" : 75.89813,
    "meanResTime" : 134552.63801728064,
    "medianResTime" : 96662.0,
    "minResTime" : 351.0,
    "maxResTime" : 816540.0,
    "pct1ResTime" : 357573.0,
    "pct2ResTime" : 440465.0,
    "pct3ResTime" : 567079.0,
    "throughput" : 0.17435037241524978,
    "receivedKBytesPerSec" : 0.5605443573531695,
    "sentKBytesPerSec" : 0.0770943009697734
  },
  "7_5_Enter Purpose and Source -> Next -> Account Transfer -> Upload Bill -> Pay Now" : {
    "transaction" : "7_5_Enter Purpose and Source -> Next -> Account Transfer -> Upload Bill -> Pay Now",
    "sampleCount" : 436,
    "errorCount" : 0,
    "errorPct" : 0.0,
    "meanResTime" : 6167.575688073395,
    "medianResTime" : 3445.0,
    "minResTime" : 84.0,
    "maxResTime" : 41073.0,
    "pct1ResTime" : 16149.1,
    "pct2ResTime" : 20505.149999999983,
    "pct3ResTime" : 37947.009999999995,
    "throughput" : 0.1577456553915909,
    "receivedKBytesPerSec" : 0.06908156210167865,
    "sentKBytesPerSec" : 0.06608680289354736
  },
  "0_3_Enter Username and Password > Sign In" : {
    "transaction" : "0_3_Enter Username and Password > Sign In",
    "sampleCount" : 4796,
    "errorCount" : 2,
    "errorPct" : 0.041701417,
    "meanResTime" : 328981.00813177717,
    "medianResTime" : 191956.0,
    "minResTime" : 773.0,
    "maxResTime" : 1398624.0,
    "pct1ResTime" : 882417.5000000001,
    "pct2ResTime" : 1013328.0999999988,
    "pct3ResTime" : 1200773.06,
    "throughput" : 0.38079775700910834,
    "receivedKBytesPerSec" : 6.664564071748499,
    "sentKBytesPerSec" : 0.9202554824386413
  },
  "5_5_Enter Bank Transfer Details -> Submit" : {
    "transaction" : "5_5_Enter Bank Transfer Details -> Submit",
    "sampleCount" : 85,
    "errorCount" : 2,
    "errorPct" : 2.3529413,
    "meanResTime" : 28060.70588235294,
    "medianResTime" : 17133.0,
    "minResTime" : 1280.0,
    "maxResTime" : 149484.0,
    "pct1ResTime" : 67867.40000000001,
    "pct2ResTime" : 81286.6,
    "pct3ResTime" : 149484.0,
    "throughput" : 0.05385063733813132,
    "receivedKBytesPerSec" : 0.3505649268423253,
    "sentKBytesPerSec" : 0.118691036521819
  },
  "4_6_Enter OTP -> Continue" : {
    "transaction" : "4_6_Enter OTP -> Continue",
    "sampleCount" : 120,
    "errorCount" : 32,
    "errorPct" : 26.666666,
    "meanResTime" : 22127.750000000007,
    "medianResTime" : 11048.0,
    "minResTime" : 712.0,
    "maxResTime" : 86772.0,
    "pct1ResTime" : 66300.6,
    "pct2ResTime" : 72637.64999999997,
    "pct3ResTime" : 86115.32999999997,
    "throughput" : 0.040561684689011876,
    "receivedKBytesPerSec" : 0.1877823130224641,
    "sentKBytesPerSec" : 0.07006562299621052
  },
  "0_1_Launch" : {
    "transaction" : "0_1_Launch",
    "sampleCount" : 22125,
    "errorCount" : 9871,
    "errorPct" : 44.61469,
    "meanResTime" : 465102.2474124281,
    "medianResTime" : 395065.5,
    "minResTime" : 941.0,
    "maxResTime" : 1662460.0,
    "pct1ResTime" : 1117430.3000000003,
    "pct2ResTime" : 1309936.1,
    "pct3ResTime" : 1437442.26,
    "throughput" : 1.7512326699202263,
    "receivedKBytesPerSec" : 59.13363703747867,
    "sentKBytesPerSec" : 3.3619351018105332
  },
  "7_6_Enter OTP -> Continue" : {
    "transaction" : "7_6_Enter OTP -> Continue",
    "sampleCount" : 433,
    "errorCount" : 74,
    "errorPct" : 17.090069,
    "meanResTime" : 68902.30254041568,
    "medianResTime" : 52029.0,
    "minResTime" : 5288.0,
    "maxResTime" : 427787.0,
    "pct1ResTime" : 138137.6,
    "pct2ResTime" : 158346.3,
    "pct3ResTime" : 233246.79999999987,
    "throughput" : 0.14385984263793103,
    "receivedKBytesPerSec" : 2.8074839184505733,
    "sentKBytesPerSec" : 204.0409027763704
  },
  "7_3_Click Send Money" : {
    "transaction" : "7_3_Click Send Money",
    "sampleCount" : 884,
    "errorCount" : 380,
    "errorPct" : 42.986423,
    "meanResTime" : 84494.00678733038,
    "medianResTime" : 23764.0,
    "minResTime" : 351.0,
    "maxResTime" : 787169.0,
    "pct1ResTime" : 250275.5,
    "pct2ResTime" : 396450.25,
    "pct3ResTime" : 479027.49999999977,
    "throughput" : 0.07281671357743406,
    "receivedKBytesPerSec" : 0.5086472871964495,
    "sentKBytesPerSec" : 0.0415713180350278
  },
  "6_5_Enter Purpose and Source -> Next -> Cash Counter -> Pay Now" : {
    "transaction" : "6_5_Enter Purpose and Source -> Next -> Cash Counter -> Pay Now",
    "sampleCount" : 323,
    "errorCount" : 0,
    "errorPct" : 0.0,
    "meanResTime" : 5252.030959752316,
    "medianResTime" : 3433.0,
    "minResTime" : 89.0,
    "maxResTime" : 44096.0,
    "pct1ResTime" : 12499.800000000005,
    "pct2ResTime" : 19984.600000000006,
    "pct3ResTime" : 34146.95999999998,
    "throughput" : 0.11359815654459027,
    "receivedKBytesPerSec" : 0.04974487289403789,
    "sentKBytesPerSec" : 0.04759141519299728
  },
  "9_3_Enter Username and Password > Sign In - InActive" : {
    "transaction" : "9_3_Enter Username and Password > Sign In - InActive",
    "sampleCount" : 538,
    "errorCount" : 125,
    "errorPct" : 23.234201,
    "meanResTime" : 203756.80297397778,
    "medianResTime" : 124538.5,
    "minResTime" : 1002.0,
    "maxResTime" : 1165263.0,
    "pct1ResTime" : 506366.00000000006,
    "pct2ResTime" : 772449.149999999,
    "pct3ResTime" : 1054245.1500000004,
    "throughput" : 0.04277116101203563,
    "receivedKBytesPerSec" : 0.5846165528397944,
    "sentKBytesPerSec" : 0.08429384124994664
  },
  "5_3_Open My Beneficiaries" : {
    "transaction" : "5_3_Open My Beneficiaries",
    "sampleCount" : 86,
    "errorCount" : 0,
    "errorPct" : 0.0,
    "meanResTime" : 4408.7441860465115,
    "medianResTime" : 3306.0,
    "minResTime" : 144.0,
    "maxResTime" : 36795.0,
    "pct1ResTime" : 8550.899999999994,
    "pct2ResTime" : 12733.399999999992,
    "pct3ResTime" : 36795.0,
    "throughput" : 0.05814110711484897,
    "receivedKBytesPerSec" : 0.2941987291351172,
    "sentKBytesPerSec" : 0.018963993922226127
  },
  "1_3_Open Forex Rates" : {
    "transaction" : "1_3_Open Forex Rates",
    "sampleCount" : 3464,
    "errorCount" : 1791,
    "errorPct" : 51.70323,
    "meanResTime" : 160036.93620092366,
    "medianResTime" : 110193.0,
    "minResTime" : 372.0,
    "maxResTime" : 1150903.0,
    "pct1ResTime" : 387925.5,
    "pct2ResTime" : 491919.75,